Customer_ID,Customer_Name,Customer_Segment
CUST00001,Chloe Sanford,Unknown
CUST00002,Julie Alvarado,Consumer
CUST00003,Daniel Roberts,Corporate
CUST00004,Christy Maddox,Corporate
CUST00005,Corey Davis,Corporate
CUST00006,Holly Ruiz,Consumer
CUST00007,Mark Powell,Consumer
CUST00008,Jeffrey Torres,Consumer
CUST00009,Rodney Frazier,Home Office
CUST00010,Sonya Foster,Consumer
CUST00011,Jay Sullivan,Consumer
CUST00012,Abigail Marshall,Consumer
CUST00013,Haley Johnson,Home Office
CUST00014,Alexandra Elliott,Unknown
CUST00015,Andrew White,Corporate
CUST00016,Chris Cohen,Home Office
CUST00017,Heidi Delgado,Corporate
CUST00018,Jonathan Liu,Consumer
CUST00019,Sergio Vazquez,Home Office
CUST00020,Abigail Miller,Corporate
CUST00021,Gregory Shah,Consumer
CUST00022,Sara Wilson,Unknown
CUST00023,Patricia Lamb,Corporate
CUST00024,Brenda White,Consumer
CUST00025,Nancy Stafford,Consumer
CUST00026,Steve Taylor,Unknown
CUST00027,Stacey Morgan,Corporate
CUST00028,Joshua Norris,Consumer
CUST00029,Anthony Ramirez,Consumer
CUST00030,Ann Pineda,Consumer
CUST00031,Dan Rodriguez,Consumer
CUST00032,Dr. Emma Davis,Corporate
CUST00033,Stacy Smith,Consumer
CUST00034,Shannon Ellis,Corporate
CUST00035,Regina Allen,Consumer
CUST00036,Matthew Tran,Consumer
CUST00037,Felicia Giles,Consumer
CUST00038,Michael Shannon,Home Office
CUST00039,Anthony Robinson,Consumer
CUST00040,Charles Martinez,Consumer
CUST00041,Jacob West,Consumer
CUST00042,Megan Mcdaniel,Consumer
CUST00043,Matthew Pierce,Home Office
CUST00044,Joshua Flores,Consumer
CUST00045,Morgan Allen,Corporate
CUST00046,Jesse Phillips,Consumer
CUST00047,Anthony Haney,Corporate
CUST00048,Jessica Estrada,Home Office
CUST00049,Michael Tapia,Corporate
CUST00050,Julie Terrell,Consumer
CUST00051,Amy Jenkins,Home Office
CUST00052,Donald Jensen,Consumer
CUST00053,Paul Mathews,Consumer
CUST00054,Michael Adams,Home Office
CUST00055,Melissa Davila,Consumer
CUST00056,Gina Blair,Corporate
CUST00057,Micheal Butler,Consumer
CUST00058,David Robinson,Home Office
CUST00059,Anne Hall,Consumer
CUST00060,Christopher Blair,Consumer
CUST00061,Mary Mccullough,Home Office
CUST00062,Andrew Lopez,Home Office
CUST00063,Michelle Sellers,Consumer
CUST00064,Cristina Watkins,Home Office
CUST00065,Felicia Galvan,Consumer
CUST00066,Laura Castillo,Home Office
CUST00067,Brian Williams,Consumer
CUST00068,Michelle Holder,Consumer
CUST00069,Wendy Powell,Corporate
CUST00070,Anthony Roberts,Consumer
CUST00071,Victoria Phillips,Corporate
CUST00072,Nathaniel Price,Unknown
CUST00073,Brittany Castaneda,Consumer
CUST00074,Nicole Walls,Corporate
CUST00075,Andrew Torres,Corporate
CUST00076,Julie Gonzalez,Home Office
CUST00077,Christopher Gonzales,Consumer
CUST00078,Stacey Todd,Corporate
CUST00079,Cheryl Waters,Consumer
CUST00080,Joseph Johnson,Consumer
CUST00081,Betty Watkins,Corporate
CUST00082,Maria Fleming,Home Office
CUST00083,Ricky Mays,Home Office
CUST00084,Veronica Horn,Corporate
CUST00085,Michael Davis,Home Office
CUST00086,Jacqueline Dickerson,Consumer
CUST00087,Travis Williams,Consumer
CUST00088,Aaron Martinez,Consumer
CUST00089,Dr. Sydney Lopez,Consumer
CUST00090,Rebecca Acosta,Consumer
CUST00091,Wesley Chandler,Consumer
CUST00092,Dominique Sanders,Home Office
CUST00093,Kelli Freeman,Corporate
CUST00094,Jennifer Trevino,Home Office
CUST00095,Joseph Marquez,Corporate
CUST00096,Michael Mitchell,Consumer
CUST00097,Lisa Taylor,Consumer
CUST00098,Dana Taylor,Consumer
CUST00099,Austin Garcia,Corporate
CUST00100,Anne Weaver,Corporate
CUST00101,Jordan Olsen,Consumer
CUST00102,Carmen Jones,Corporate
CUST00103,Sharon Farrell,Consumer
CUST00104,Katrina Rubio,Corporate
CUST00105,Pamela Buck,Consumer
CUST00106,Patrick Silva,Consumer
CUST00107,David Baldwin,Corporate
CUST00108,Kristina Mitchell,Consumer
CUST00109,Sherry Whitney,Corporate
CUST00110,Monique Miller,Consumer
CUST00111,Justin Serrano,Consumer
CUST00112,Charles Porter,Consumer
CUST00113,Charles Moore,Consumer
CUST00114,Ricky Jackson,Consumer
CUST00115,Angela King,Home Office
CUST00116,Adrienne Morris,Corporate
CUST00117,David Tanner,Consumer
CUST00118,Nathan Kent,Consumer
CUST00119,Scott Flores,Consumer
CUST00120,Lauren Bell,Corporate
CUST00121,Melissa Flores,Corporate
CUST00122,Elizabeth Mitchell,Consumer
CUST00123,Vanessa Moore,Unknown
CUST00124,Michelle Smith,Corporate
CUST00125,Jeffrey Clay,Consumer
CUST00126,Danielle Griffin,Corporate
CUST00127,Christine Garcia,Home Office
CUST00128,Michael Salas,Consumer
CUST00129,Alexandra Thompson,Corporate
CUST00130,Kyle Sullivan,Home Office
CUST00131,Lisa Mendez,Consumer
CUST00132,Christine Jacobson,Consumer
CUST00133,Samantha Patton,Consumer
CUST00134,Anthony Diaz,Corporate
CUST00135,Christina Melton,Consumer
CUST00136,Melissa Webb,Consumer
CUST00137,Robert Thompson,Consumer
CUST00138,Peter Reid II,Consumer
CUST00139,Erica Fisher,Consumer
CUST00140,Michael Williams,Home Office
CUST00141,Katherine Owen,Home Office
CUST00142,Kenneth Ponce,Unknown
CUST00143,Ricky Mcdonald,Corporate
CUST00144,Donald Robinson,Home Office
CUST00145,Christina Rivers,Corporate
CUST00146,Dominique Logan,Unknown
CUST00147,Stacey Thomas,Corporate
CUST00148,Alyssa White,Consumer
CUST00149,Erik Campbell,Consumer
CUST00150,Nicole Perry,Consumer
CUST00151,Rachael Perez,Consumer
CUST00152,Mrs. Jacqueline Bryan MD,Corporate
CUST00153,Christopher Mccann,Home Office
CUST00154,Angela Ryan,Consumer
CUST00155,Albert Walker,Consumer
CUST00156,Kelsey Mitchell,Unknown
CUST00157,Angela Peterson,Consumer
CUST00158,Roger Reyes,Consumer
CUST00159,Gabriela Perry,Consumer
CUST00160,Deanna Payne,Consumer
CUST00161,Angela Gonzalez,Home Office
CUST00162,John Rodriguez,Consumer
CUST00163,Candace Fox,Consumer
CUST00164,Paul Ochoa,Corporate
CUST00165,Julie Preston,Home Office
CUST00166,Gabriella Baird,Corporate
CUST00167,Brooke Walton,Corporate
CUST00168,Lisa Dawson,Consumer
CUST00169,Roy Bowen,Consumer
CUST00170,Vincent Quinn,Corporate
CUST00171,Andrew Jackson,Consumer
CUST00172,Miranda Velazquez,Consumer
CUST00173,Christine Lee,Consumer
CUST00174,James Henderson,Consumer
CUST00175,Roberto Austin,Consumer
CUST00176,Shannon Hubbard,Corporate
CUST00177,Jennifer Herrera,Home Office
CUST00178,Michael Phelps,Corporate
CUST00179,Dawn Elliott,Corporate
CUST00180,Bryce Garcia,Corporate
CUST00181,Todd Warner,Consumer
CUST00182,Thomas Hardy,Corporate
CUST00183,Abigail Collins,Consumer
CUST00184,John Martinez,Consumer
CUST00185,Lisa Davidson,Corporate
CUST00186,Justin Wilson PhD,Consumer
CUST00187,Sarah Saunders,Consumer
CUST00188,Edward Williams,Consumer
CUST00189,Shannon Zuniga,Consumer
CUST00190,Rebecca Singleton,Consumer
CUST00191,Barry Walter,Consumer
CUST00192,Michelle Harvey,Consumer
CUST00193,Scott Mitchell,Consumer
CUST00194,Robert Brown,Home Office
CUST00195,Marie Rodriguez,Consumer
CUST00196,Dominic Aguirre,Corporate
CUST00197,Erin Moore,Corporate
CUST00198,Jeffrey Obrien,Home Office
CUST00199,Erica Hernandez,Corporate
CUST00200,Jessica Figueroa,Consumer
CUST00201,Kimberly Cabrera,Consumer
CUST00202,Richard White,Corporate
CUST00203,Justin Stephens,Consumer
CUST00204,Joe Ramirez,Consumer
CUST00205,Jason Gutierrez,Corporate
CUST00206,Michael Velazquez,Consumer
CUST00207,Catherine Hall,Consumer
CUST00208,Kristopher Steele,Consumer
CUST00209,Katherine Lutz,Unknown
CUST00210,Regina King,Consumer
CUST00211,Amanda Gould,Home Office
CUST00212,Tammy Henderson,Consumer
CUST00213,Danielle Schaefer,Corporate
CUST00214,Adam Ramirez,Consumer
CUST00215,Kimberly Aguirre,Corporate
CUST00216,Phyllis Dunlap,Corporate
CUST00217,Brian Roberts,Corporate
CUST00218,Juan Cortez,Consumer
CUST00219,Jon Wright,Consumer
CUST00220,Derek Baker,Consumer
CUST00221,Tracy Jones,Consumer
CUST00222,John Burton Jr.,Consumer
CUST00223,Desiree Lane,Home Office
CUST00224,Justin Gilmore,Home Office
CUST00225,Glenda Farley,Consumer
CUST00226,Tyler Nunez,Consumer
CUST00227,William Cline,Corporate
CUST00228,Rhonda Davis,Consumer
CUST00229,John Acevedo,Corporate
CUST00230,Willie Riley,Corporate
CUST00231,Rachael Anderson,Corporate
CUST00232,Leslie Martinez,Home Office
CUST00233,Robert Hoffman,Consumer
CUST00234,Shannon Dunn,Unknown
CUST00235,Philip Levine,Consumer
CUST00236,Joseph Wilson,Home Office
CUST00237,Antonio Brooks,Consumer
CUST00238,Sharon Brady,Consumer
CUST00239,Dawn Dickerson,Corporate
CUST00240,James Stephens,Consumer
CUST00241,Julie Brown MD,Corporate
CUST00242,Melanie Hernandez,Corporate
CUST00243,Christopher Hunt,Consumer
CUST00244,Francis Romero,Consumer
CUST00245,Lisa Gross,Home Office
CUST00246,Timothy Wilson,Consumer
CUST00247,Brent Castillo,Consumer
CUST00248,Craig Smith,Home Office
CUST00249,Amy Welch,Home Office
CUST00250,Darlene Chapman,Consumer
CUST00251,Jessica Calhoun,Home Office
CUST00252,Kenneth Strickland,Corporate
CUST00253,Ronald Zavala PhD,Consumer
CUST00254,Michael Pitts,Consumer
CUST00255,Amber Harris,Consumer
CUST00256,Ashley Moore,Consumer
CUST00257,Kathryn Zhang,Consumer
CUST00258,Rachel Barnes,Consumer
CUST00259,Austin Walker,Consumer
CUST00260,Lee Hernandez MD,Home Office
CUST00261,Shawn Evans,Consumer
CUST00262,Maria Boyle,Consumer
CUST00263,Dillon Tucker,Corporate
CUST00264,Lance Cisneros,Consumer
CUST00265,Cheryl Brown,Corporate
CUST00266,Jillian Smith,Consumer
CUST00267,Robert Sims,Home Office
CUST00268,Tyler Holden,Consumer
CUST00269,Darren Bishop,Home Office
CUST00270,Daniel Lara,Home Office
CUST00271,Katherine Brandt,Home Office
CUST00272,Lori Robertson,Consumer
CUST00273,Stephanie Mason,Home Office
CUST00274,Ricky Skinner,Corporate
CUST00275,Caitlin Anderson,Consumer
CUST00276,Andrew Gomez,Unknown
CUST00277,Caleb Thomas,Home Office
CUST00278,Stephanie Robinson,Consumer
CUST00279,Jennifer Smith,Unknown
CUST00280,Ashley Olson,Consumer
CUST00281,Drew Gomez,Consumer
CUST00282,Joseph Coffey,Consumer
CUST00283,Joanne Whitaker,Home Office
CUST00284,Michael Griffin,Consumer
CUST00285,Anna Thompson,Home Office
CUST00286,Natalie Ward,Consumer
CUST00287,Logan Garcia,Home Office
CUST00288,Robert Owen,Home Office
CUST00289,Ashley Dennis,Corporate
CUST00290,William Paul,Unknown
CUST00291,Shannon Hoover,Consumer
CUST00292,Tara Brown,Corporate
CUST00293,Michael Wilson,Consumer
CUST00294,Jennifer Molina,Corporate
CUST00295,Joshua Higgins,Consumer
CUST00296,Catherine Allen,Corporate
CUST00297,Rachel Hicks,Consumer
CUST00298,Nathan Fischer,Consumer
CUST00299,Valerie Schultz,Corporate
CUST00300,Danielle Roberts,Home Office
CUST00301,Yvonne Rodriguez,Corporate
CUST00302,Melissa Bishop,Corporate
CUST00303,Harry Weeks,Corporate
CUST00304,Brandon Adkins,Consumer
CUST00305,James Hansen,Consumer
CUST00306,Dawn Walsh,Consumer
CUST00307,Sally Ruiz,Consumer
CUST00308,Joanne Hendricks,Consumer
CUST00309,Nicholas Carter,Corporate
CUST00310,Nicole Brown,Consumer
CUST00311,Angela Clarke,Consumer
CUST00312,David Edwards,Corporate
CUST00313,Lawrence Bailey,Consumer
CUST00314,Jamie Strickland,Corporate
CUST00315,Joseph Matthews,Corporate
CUST00316,Richard Sims,Corporate
CUST00317,Mary Perez,Consumer
CUST00318,Shawn Steele,Consumer
CUST00319,Zachary Hahn,Consumer
CUST00320,Barbara Myers,Consumer
CUST00321,Justin Phillips,Consumer
CUST00322,Stephen Rodriguez,Home Office
CUST00323,Joseph Smith,Home Office
CUST00324,David Wise,Consumer
CUST00325,Joseph Booth,Consumer
CUST00326,Jenna Lopez,Consumer
CUST00327,Patricia Barker,Consumer
CUST00328,David Brennan,Corporate
CUST00329,Sandra Torres,Consumer
CUST00330,Robin Kemp,Consumer
CUST00331,Ana Brown,Consumer
CUST00332,Robert Rogers,Unknown
CUST00333,John Martin,Home Office
CUST00334,Michael Shaw,Unknown
CUST00335,Kayla Estes,Consumer
CUST00336,Kayla Wilson,Consumer
CUST00337,Brianna Smith,Consumer
CUST00338,Jeffrey Gates,Corporate
CUST00339,Dr. Joseph Cummings MD,Corporate
CUST00340,Heather Adams,Home Office
CUST00341,Rachel Moody,Consumer
CUST00342,Rebecca Andrews,Consumer
CUST00343,Melissa Morales,Corporate
CUST00344,Sean Henson,Corporate
CUST00345,Jeffrey Rodriguez,Consumer
CUST00346,Angela Reynolds,Corporate
CUST00347,Scott Terry,Home Office
CUST00348,Laura Mcdaniel,Consumer
CUST00349,Ann Nelson,Unknown
CUST00350,John Jones,Consumer
CUST00351,Lisa Ball,Consumer
CUST00352,Andrea Williams,Home Office
CUST00353,Joseph Dawson,Consumer
CUST00354,Timothy Ferguson,Home Office
CUST00355,Michael Bartlett DDS,Corporate
CUST00356,Catherine Rodriguez,Consumer
CUST00357,Kyle Acosta,Home Office
CUST00358,Larry Clark,Consumer
CUST00359,Vicki Russo,Consumer
CUST00360,Antonio Sanchez,Consumer
CUST00361,Gina Griffin,Home Office
CUST00362,Susan Gomez,Corporate
CUST00363,Frank Tran,Corporate
CUST00364,Jose Black,Corporate
CUST00365,Kimberly Mccall,Corporate
CUST00366,John Bell,Consumer
CUST00367,Nathaniel Lyons,Consumer
CUST00368,Amber Trevino,Consumer
CUST00369,Stephanie Thomas,Consumer
CUST00370,Nicolas Lowe,Consumer
CUST00371,Andrew Coffey,Consumer
CUST00372,Jamie Harrison,Home Office
CUST00373,Dylan Woodward,Consumer
CUST00374,Timothy Parsons,Consumer
CUST00375,Peter Payne,Home Office
CUST00376,Laura Barnes,Consumer
CUST00377,Pamela Powell,Consumer
CUST00378,Diana Anderson,Home Office
CUST00379,Scott Perez,Consumer
CUST00380,Andrew Whitney,Corporate
CUST00381,Collin Marquez,Consumer
CUST00382,Robert Ball,Consumer
CUST00383,Richard Lewis,Consumer
CUST00384,Paul Huynh,Consumer
CUST00385,Dylan Shaw,Consumer
CUST00386,Valerie Shelton,Consumer
CUST00387,John Parrish,Consumer
CUST00388,James Lopez,Home Office
CUST00389,Dr. Cynthia Waters,Corporate
CUST00390,Elizabeth Rivera,Home Office
CUST00391,Samuel Hayes,Consumer
CUST00392,Jeanne Curry,Consumer
CUST00393,Karina White,Consumer
CUST00394,Tonya Sullivan,Consumer
CUST00395,Wendy Ponce,Home Office
CUST00396,Jordan Nguyen,Consumer
CUST00397,David Hill,Consumer
CUST00398,Aaron Stewart,Consumer
CUST00399,Paul Russell,Home Office
CUST00400,Miss Danielle Norris,Consumer
CUST00401,Valerie Dawson,Corporate
CUST00402,Christopher Fisher,Consumer
CUST00403,Darrell Bauer,Consumer
CUST00404,Joseph Cox,Consumer
CUST00405,Cassandra Ward,Corporate
CUST00406,Kevin Berry,Consumer
CUST00407,Mary Smith,Unknown
CUST00408,Sarah Frost,Corporate
CUST00409,Kevin Lopez,Home Office
CUST00410,Monica Grimes,Corporate
CUST00411,Kristine Phillips,Consumer
CUST00412,Jeff White,Consumer
CUST00413,Cynthia Reyes,Consumer
CUST00414,Eric Singleton,Corporate
CUST00415,Jonathan Singh,Corporate
CUST00416,Maria Williams,Consumer
CUST00417,Sarah Anthony,Unknown
CUST00418,Michelle Goodwin,Consumer
CUST00419,Anthony Robinson,Consumer
CUST00420,Jonathan Vang,Consumer
CUST00421,Jeffrey Malone,Consumer
CUST00422,James Thompson,Consumer
CUST00423,Charles Austin MD,Corporate
CUST00424,Dennis Lawrence,Consumer
CUST00425,William Coffey,Consumer
CUST00426,Michael Wright,Corporate
CUST00427,Richard Michael,Consumer
CUST00428,Eric Burton,Corporate
CUST00429,Daniel Henry,Consumer
CUST00430,Devon Vasquez,Corporate
CUST00431,Jared Logan,Consumer
CUST00432,Jessica Bryant,Consumer
CUST00433,Tracy Liu,Consumer
CUST00434,Jessica Stone,Consumer
CUST00435,Trevor Thompson,Home Office
CUST00436,Mario Rodriguez,Consumer
CUST00437,Elizabeth Rodgers,Home Office
CUST00438,Brandi Black,Consumer
CUST00439,April Anderson,Consumer
CUST00440,Kevin Russell,Consumer
CUST00441,Melvin Allen,Consumer
CUST00442,John Michael,Consumer
CUST00443,Benjamin Hall,Corporate
CUST00444,Vanessa Schneider,Corporate
CUST00445,Cynthia Rogers,Consumer
CUST00446,Vicki Wood,Consumer
CUST00447,Melissa Barber,Consumer
CUST00448,David Wood,Consumer
CUST00449,Mr. Andrew Ellison,Consumer
CUST00450,John Roberts,Consumer
CUST00451,Mary Dalton,Home Office
CUST00452,Phillip Kim,Consumer
CUST00453,Matthew Garcia,Corporate
CUST00454,Briana Drake,Corporate
CUST00455,Charles Schroeder,Consumer
CUST00456,Roberto Walker,Consumer
CUST00457,Andrew Miller,Consumer
CUST00458,Rebecca Griffin,Consumer
CUST00459,Diana Simmons,Consumer
CUST00460,Ian Stone,Home Office
CUST00461,Dr. Phillip Brooks,Consumer
CUST00462,Justin Hernandez,Consumer
CUST00463,Andrew Gill,Consumer
CUST00464,Brian Potter,Corporate
CUST00465,Jessica Taylor,Home Office
CUST00466,Cynthia Martinez,Home Office
CUST00467,Crystal Maddox,Consumer
CUST00468,Jessica Wang,Consumer
CUST00469,Michael Nguyen,Consumer
CUST00470,Nathan Pace,Corporate
CUST00471,Rachel Reyes,Corporate
CUST00472,Michael Caldwell,Unknown
CUST00473,Daniel Gregory,Consumer
CUST00474,Briana Kelly,Consumer
CUST00475,Becky Smith,Corporate
CUST00476,Justin Rubio,Corporate
CUST00477,Kristine Hernandez,Consumer
CUST00478,Shawn Frank,Home Office
CUST00479,Tiffany Kelley,Corporate
CUST00480,Jennifer Smith,Corporate
CUST00481,Julia Brown,Consumer
CUST00482,Bethany Adams,Corporate
CUST00483,Melinda Mayer,Consumer
CUST00484,Gwendolyn Brooks,Home Office
CUST00485,Robert Dickerson,Consumer
CUST00486,Robert Ferrell,Corporate
CUST00487,Katherine Craig,Consumer
CUST00488,Heidi Mason,Consumer
CUST00489,Denise Davis,Consumer
CUST00490,Carolyn Lee,Consumer
CUST00491,Vincent Spencer,Consumer
CUST00492,Michelle Briggs,Consumer
CUST00493,Brian Schneider,Consumer
CUST00494,Phyllis Reyes,Consumer
CUST00495,Terry Harrington,Home Office
CUST00496,Miguel Miller,Corporate
CUST00497,Donna Thomas,Corporate
CUST00498,Kimberly Matthews,Consumer
CUST00499,Samuel Valdez,Home Office
CUST00500,William Wright,Consumer
CUST00501,Michael Perkins,Consumer
CUST00502,Daniel Gray,Consumer
CUST00503,Carrie Clark,Home Office
CUST00504,Harold Miller,Consumer
CUST00505,Jesse Robinson,Consumer
CUST00506,Juan Warner,Consumer
CUST00507,Belinda Stafford,Consumer
CUST00508,Christian Rivera,Corporate
CUST00509,Scott Smith,Consumer
CUST00510,Joshua Robinson,Corporate
CUST00511,Anna Livingston,Corporate
CUST00512,Shannon Simpson,Unknown
CUST00513,Robert Cruz,Consumer
CUST00514,Nicole Anderson,Consumer
CUST00515,Fernando Martin,Home Office
CUST00516,Marie Nguyen,Consumer
CUST00517,Pamela Edwards,Home Office
CUST00518,Natasha Buchanan,Home Office
CUST00519,Alyssa Sullivan,Consumer
CUST00520,Jeffrey Rowland,Consumer
CUST00521,Stephanie Sullivan,Consumer
CUST00522,Duane Day,Consumer
CUST00523,Michelle Smith,Corporate
CUST00524,Adam Mitchell,Consumer
CUST00525,Daniel Thomas,Unknown
CUST00526,Tommy Brown,Consumer
CUST00527,Sara Robles,Consumer
CUST00528,Stephen Levine,Corporate
CUST00529,Tara Collins,Home Office
CUST00530,Jessica Smith,Home Office
CUST00531,Ashley Suarez,Consumer
CUST00532,Kelly Callahan,Home Office
CUST00533,Denise Ray,Corporate
CUST00534,Amber Walker,Consumer
CUST00535,Joy Howe,Home Office
CUST00536,Summer Gaines,Consumer
CUST00537,Sara Delacruz,Consumer
CUST00538,Emily Miranda,Corporate
CUST00539,Sara Munoz,Corporate
CUST00540,Patrick Taylor,Home Office
CUST00541,Miguel Adams,Consumer
CUST00542,Morgan Torres,Consumer
CUST00543,Mrs. Jessica Haynes,Consumer
CUST00544,John Hoffman,Consumer
CUST00545,Susan Lee,Consumer
CUST00546,Gary Hall,Home Office
CUST00547,Lee Bush,Corporate
CUST00548,Thomas Reid,Consumer
CUST00549,Jennifer Shields,Consumer
CUST00550,Jennifer Pierce,Consumer
CUST00551,Lisa Brown,Consumer
CUST00552,Samuel Thornton,Consumer
CUST00553,Kelly Ellis,Unknown
CUST00554,Michael Brown,Corporate
CUST00555,John Russell,Consumer
CUST00556,Rita Griffin,Consumer
CUST00557,Laura Parks,Consumer
CUST00558,Gerald Jefferson,Corporate
CUST00559,Joseph Chase,Consumer
CUST00560,Suzanne Alvarez,Home Office
CUST00561,John Graham,Corporate
CUST00562,Tammy Charles,Consumer
CUST00563,Francis Miller,Consumer
CUST00564,Robert Alvarez,Corporate
CUST00565,Victoria Bradley,Consumer
CUST00566,Jody Harris,Consumer
CUST00567,Jennifer Martin,Corporate
CUST00568,Susan Hall,Home Office
CUST00569,Miranda Myers,Corporate
CUST00570,Stuart Williams,Corporate
CUST00571,Joseph Walker,Unknown
CUST00572,Tracey Russell,Corporate
CUST00573,Wayne Walsh,Consumer
CUST00574,Jessica Reid,Consumer
CUST00575,Philip Wilson,Consumer
CUST00576,Lindsey Dougherty,Corporate
CUST00577,Randall Price DVM,Home Office
CUST00578,David Harding,Consumer
CUST00579,Charles Shaffer,Corporate
CUST00580,Michele Wright,Corporate
CUST00581,Michael Blankenship,Consumer
CUST00582,Jeffrey Johnson,Corporate
CUST00583,Angela Massey,Consumer
CUST00584,Christina Alexander,Consumer
CUST00585,Jessica Johnson,Consumer
CUST00586,Jamie Miller,Corporate
CUST00587,Joshua Lawson,Consumer
CUST00588,Robert Barrett,Corporate
CUST00589,Gabrielle Gould,Consumer
CUST00590,Kathryn Campbell,Unknown
CUST00591,Melissa Thompson,Consumer
CUST00592,Anna Wheeler,Home Office
CUST00593,Shawn Jennings,Consumer
CUST00594,Rebecca Jenkins,Corporate
CUST00595,Carrie Ferguson,Consumer
CUST00596,Neil Wilson,Consumer
CUST00597,Scott Roberts,Consumer
CUST00598,Benjamin Gross,Consumer
CUST00599,Janice Holt,Consumer
CUST00600,Ashley Bradley,Unknown
CUST00601,Samantha Allen,Consumer
CUST00602,David Obrien,Consumer
CUST00603,Timothy Mclaughlin,Consumer
CUST00604,Kevin Soto,Consumer
CUST00605,Joann Cline,Corporate
CUST00606,Isaac Smith,Corporate
CUST00607,Jonathan Obrien,Corporate
CUST00608,Stacy Garcia,Consumer
CUST00609,James Vance,Consumer
CUST00610,Anna Fleming,Consumer
CUST00611,Brian Whitney,Corporate
CUST00612,Caleb Wilkinson,Consumer
CUST00613,John Patton,Corporate
CUST00614,Taylor Frederick,Consumer
CUST00615,Crystal Horton,Consumer
CUST00616,Daryl Bennett,Consumer
CUST00617,Alexis Lopez,Unknown
CUST00618,Amanda Lyons,Consumer
CUST00619,Stephen Dunn,Consumer
CUST00620,Cassie Ray,Corporate
CUST00621,Elizabeth Brady,Consumer
CUST00622,Brandy Rasmussen,Consumer
CUST00623,Christina Vincent,Consumer
CUST00624,William Jimenez,Consumer
CUST00625,Gary Graham,Home Office
CUST00626,Veronica Ward,Corporate
CUST00627,Evan Mckenzie,Consumer
CUST00628,Jeffrey Brown,Corporate
CUST00629,Mary Padilla,Consumer
CUST00630,Jason Jackson,Corporate
CUST00631,Mary Houston,Corporate
CUST00632,Alicia Pacheco,Unknown
CUST00633,Anthony Yang,Corporate
CUST00634,Ashley Mcclain,Corporate
CUST00635,Ashley Parker,Corporate
CUST00636,Lori Hall,Unknown
CUST00637,Aaron Ball,Consumer
CUST00638,Eric Deleon,Unknown
CUST00639,Brian Taylor,Consumer
CUST00640,Jamie Rios,Consumer
CUST00641,Albert Gomez,Consumer
CUST00642,Shannon Stone,Consumer
CUST00643,Amber Lewis,Consumer
CUST00644,Rachel King,Consumer
CUST00645,Dennis Johnson,Consumer
CUST00646,Joshua Clark,Consumer
CUST00647,Johnathan Larson,Consumer
CUST00648,David Watts,Consumer
CUST00649,Lisa Thompson,Consumer
CUST00650,Brett Campbell,Corporate
CUST00651,Amber Adams,Consumer
CUST00652,Jamie Perez,Home Office
CUST00653,Jacob Osborne,Corporate
CUST00654,Tanya Montoya,Consumer
CUST00655,April Roth,Consumer
CUST00656,Danielle Davis,Home Office
CUST00657,Cody Davis,Corporate
CUST00658,Summer Wilson,Corporate
CUST00659,Kevin Campbell,Consumer
CUST00660,Mary Miller,Home Office
CUST00661,Gary Lozano,Home Office
CUST00662,Timothy Lindsey,Consumer
CUST00663,April Richardson,Consumer
CUST00664,Jason Martinez,Corporate
CUST00665,Erika Mitchell,Consumer
CUST00666,Seth Alexander,Home Office
CUST00667,Cynthia Smith,Corporate
CUST00668,Mary Shaw,Unknown
CUST00669,Janet Spencer,Consumer
CUST00670,Latasha Shaffer,Consumer
CUST00671,Omar Ellis,Home Office
CUST00672,Kelly Harris,Home Office
CUST00673,Tammy Terry,Corporate
CUST00674,Donald Miller,Consumer
CUST00675,Jennifer Williams,Consumer
CUST00676,Elizabeth Franklin,Consumer
CUST00677,Mary Spencer,Home Office
CUST00678,Steven James,Consumer
CUST00679,Stephen Brown,Corporate
CUST00680,Luis White,Consumer
CUST00681,Sarah Warner,Consumer
CUST00682,Laura Miller,Consumer
CUST00683,Jade Hill,Corporate
CUST00684,Dustin Aguirre,Corporate
CUST00685,Justin Carter,Consumer
CUST00686,Matthew Bernard,Consumer
CUST00687,Christina Edwards,Corporate
CUST00688,Molly Bishop,Corporate
CUST00689,Adrian Henry,Consumer
CUST00690,Eric Shaffer,Home Office
CUST00691,Megan Long,Corporate
CUST00692,Elizabeth French,Consumer
CUST00693,William Phillips,Consumer
CUST00694,Taylor Scott,Consumer
CUST00695,Kimberly Evans,Consumer
CUST00696,Joanna Howe,Consumer
CUST00697,Lisa Salazar,Unknown
CUST00698,Ashley Navarro,Consumer
CUST00699,Denise Carpenter,Home Office
CUST00700,Daniel Pennington DVM,Home Office
CUST00701,Gabriela Browning,Consumer
CUST00702,Jason Parks,Consumer
CUST00703,Robert Molina,Consumer
CUST00704,Susan Atkins,Corporate
CUST00705,Gary James,Corporate
CUST00706,Jennifer Griffith,Consumer
CUST00707,Keith Smith,Consumer
CUST00708,Omar Stephenson,Consumer
CUST00709,Megan King,Consumer
CUST00710,Cassandra Brown,Corporate
CUST00711,Sarah Chavez,Consumer
CUST00712,William Reed,Consumer
CUST00713,John Harris,Unknown
CUST00714,Michael Yang,Corporate
CUST00715,James Higgins,Home Office
CUST00716,Ashley Pruitt,Consumer
CUST00717,Patrick Peterson,Consumer
CUST00718,Sharon Taylor,Corporate
CUST00719,Jerry Allen,Consumer
CUST00720,Miranda Moore,Consumer
CUST00721,Roger Jackson,Corporate
CUST00722,Paul Kennedy,Consumer
CUST00723,Crystal Murphy,Consumer
CUST00724,Sophia Harrell,Consumer
CUST00725,Alexandria Ryan,Corporate
CUST00726,Dr. Cynthia Campbell,Consumer
CUST00727,Patrick Martinez,Consumer
CUST00728,James Welch,Consumer
CUST00729,Virginia Hendrix,Home Office
CUST00730,Stacy Cervantes,Consumer
CUST00731,Jane Roberts,Unknown
CUST00732,Caroline Gomez,Home Office
CUST00733,Eric Irwin,Home Office
CUST00734,Michael Dawson,Consumer
CUST00735,Lindsey Berg,Consumer
CUST00736,Lawrence Cruz,Home Office
CUST00737,Dennis Howell,Corporate
CUST00738,Rebecca Stone,Consumer
CUST00739,Daniel Nelson,Consumer
CUST00740,Martin Payne,Consumer
CUST00741,Lindsey Miller,Consumer
CUST00742,Michael Ruiz,Home Office
CUST00743,Christopher Rice,Consumer
CUST00744,Samantha Jenkins,Consumer
CUST00745,Jillian Reyes,Home Office
CUST00746,Julia Nguyen,Consumer
CUST00747,George Ortiz,Consumer
CUST00748,Fernando Fuller,Consumer
CUST00749,Terry Erickson,Corporate
CUST00750,Kelsey James,Home Office
CUST00751,Lisa Pope,Home Office
CUST00752,Holly Sutton,Consumer
CUST00753,Kimberly Carter,Home Office
CUST00754,Marissa Norton,Consumer
CUST00755,Douglas Moore,Consumer
CUST00756,Frank Peters,Consumer
CUST00757,Philip Williams,Corporate
CUST00758,Lisa Fitzgerald,Home Office
CUST00759,Bradley Carpenter,Home Office
CUST00760,David Armstrong,Corporate
CUST00761,Amy Kirk,Corporate
CUST00762,Karen Fitzgerald,Corporate
CUST00763,Curtis Byrd,Consumer
CUST00764,Corey Holt,Unknown
CUST00765,Gerald Hicks,Consumer
CUST00766,Elizabeth Hamilton,Home Office
CUST00767,Bethany Lewis,Consumer
CUST00768,Kelsey Nichols,Consumer
CUST00769,Phillip Taylor,Corporate
CUST00770,Jacqueline Maldonado,Consumer
CUST00771,Anthony Compton,Consumer
CUST00772,Jennifer Armstrong,Consumer
CUST00773,Kevin Smith,Consumer
CUST00774,Mark Hernandez,Corporate
CUST00775,Dawn Glass,Consumer
CUST00776,William Kim,Home Office
CUST00777,Stacey Hernandez,Consumer
CUST00778,Carmen Valdez,Consumer
CUST00779,Kathy Butler,Corporate
CUST00780,Matthew Bush,Corporate
CUST00781,Robert Guerra,Consumer
CUST00782,Megan Ortiz,Corporate
CUST00783,Pamela Martinez,Corporate
CUST00784,Alyssa Richardson,Home Office
CUST00785,Anita Palmer,Corporate
CUST00786,Shannon Moore,Home Office
CUST00787,Samuel Flores,Consumer
CUST00788,Kendra Carrillo,Unknown
CUST00789,David Martinez,Consumer
CUST00790,Joshua Farmer,Consumer
CUST00791,Tyler Anderson,Consumer
CUST00792,Jacob Miles,Consumer
CUST00793,Samuel Anderson,Corporate
CUST00794,Michael Edwards,Consumer
CUST00795,Dennis Richards,Corporate
CUST00796,Joe Maldonado,Consumer
CUST00797,Christian Smith,Unknown
CUST00798,Pamela Thompson,Consumer
CUST00799,Nicholas Stone,Home Office
CUST00800,Jennifer Ross,Unknown
CUST00801,Tony Johnson,Consumer
CUST00802,April Lopez,Consumer
CUST00803,Kelly Davis,Consumer
CUST00804,Kayla Newton,Consumer
CUST00805,Larry Burgess,Consumer
CUST00806,Audrey Perry,Consumer
CUST00807,Deanna Jensen,Consumer
CUST00808,Richard Erickson,Consumer
CUST00809,Julie Smith,Consumer
CUST00810,Phillip Marks,Consumer
CUST00811,Shawn Finley,Corporate
CUST00812,Veronica Berger,Home Office
CUST00813,Jesse Sexton,Home Office
CUST00814,Tonya Sanchez,Consumer
CUST00815,Jonathan Tucker,Corporate
CUST00816,Miss Leah Moore,Unknown
CUST00817,Ronald Roberts,Home Office
CUST00818,Dr. Heidi Tucker,Consumer
CUST00819,Kathleen Romero,Consumer
CUST00820,Nicole Silva,Home Office
CUST00821,Wyatt Gregory,Unknown
CUST00822,Rachel Campos,Unknown
CUST00823,Cheryl Payne,Consumer
CUST00824,Anne Schultz,Consumer
CUST00825,Aaron Griffith,Consumer
CUST00826,Robert Oneal,Home Office
CUST00827,Bradley Ross,Corporate
CUST00828,Nancy Lozano,Consumer
CUST00829,Seth Cummings,Consumer
CUST00830,Nathan Brown,Consumer
CUST00831,Jessica Johnson,Home Office
CUST00832,Patrick Lin,Consumer
CUST00833,Jaime Rice,Consumer
CUST00834,Michael Garcia,Consumer
CUST00835,Melanie Charles,Corporate
CUST00836,Lori Marshall,Home Office
CUST00837,Amber Boyer,Consumer
CUST00838,Nathan Gomez,Consumer
CUST00839,Joel Adams,Consumer
CUST00840,Christopher Steele,Corporate
CUST00841,John Ross,Consumer
CUST00842,Mary Garcia,Consumer
CUST00843,Peter Bennett,Consumer
CUST00844,Bradley Williams,Consumer
CUST00845,April Maldonado,Consumer
CUST00846,Colton Owens,Corporate
CUST00847,Brent Jones,Consumer
CUST00848,Jessica Mccormick,Home Office
CUST00849,Roy Hamilton,Consumer
CUST00850,James Vang,Home Office
CUST00851,Mrs. Raven Fisher,Consumer
CUST00852,Kenneth Marshall,Consumer
CUST00853,Jessica Hayes,Unknown
CUST00854,Mikayla White,Consumer
CUST00855,David Brown,Consumer
CUST00856,Bethany Johnson,Consumer
CUST00857,Jessica Harmon,Consumer
CUST00858,Mary King,Corporate
CUST00859,Jose Vasquez,Consumer
CUST00860,Rebecca Martinez,Consumer
CUST00861,Donald Briggs,Consumer
CUST00862,Jerry Gallegos,Corporate
CUST00863,Yolanda Schmitt,Consumer
CUST00864,Daniel Salas,Consumer
CUST00865,Mark Hayes,Consumer
CUST00866,Tiffany Price,Consumer
CUST00867,Michael Bell,Consumer
CUST00868,Amanda Hicks,Corporate
CUST00869,Lucas Cook,Consumer
CUST00870,Crystal Riley,Consumer
CUST00871,Gary Ellis,Consumer
CUST00872,Devin Chang,Corporate
CUST00873,Michelle Rivera,Consumer
CUST00874,Jennifer Tapia,Consumer
CUST00875,Michael Duke,Consumer
CUST00876,Erica Perez,Consumer
CUST00877,Casey Mitchell,Corporate
CUST00878,Paul Gillespie,Home Office
CUST00879,Michael Bush,Consumer
CUST00880,Sean Watson,Corporate
CUST00881,Stephanie Smith,Consumer
CUST00882,Karen Obrien,Consumer
CUST00883,Sean Gonzalez,Consumer
CUST00884,Karen Kim,Consumer
CUST00885,Brandon Miller,Home Office
CUST00886,Raven Miller,Consumer
CUST00887,Madison Graves,Home Office
CUST00888,Richard Davis,Consumer
CUST00889,Brittany Gibson,Consumer
CUST00890,Alison Mccarthy,Consumer
CUST00891,Garrett Thomas,Consumer
CUST00892,Alan Johnson Jr.,Consumer
CUST00893,Michael Swanson,Corporate
CUST00894,Vincent Gutierrez,Corporate
CUST00895,Stephanie Sherman,Unknown
CUST00896,Jessica Wong,Consumer
CUST00897,Paul Short,Corporate
CUST00898,Jessica Estrada,Consumer
CUST00899,Richard Thomas,Unknown
CUST00900,Kristina Morgan,Consumer
CUST00901,Tiffany Wolfe,Consumer
CUST00902,Paul Sexton,Consumer
CUST00903,Martin Galvan,Corporate
CUST00904,Danielle Dominguez,Consumer
CUST00905,Douglas Higgins,Corporate
CUST00906,Carlos Cooper,Home Office
CUST00907,Bryan Howell,Consumer
CUST00908,Sean Jackson,Consumer
CUST00909,Chelsea Edwards,Home Office
CUST00910,Jesse Gallegos,Consumer
CUST00911,Sydney Hall,Consumer
CUST00912,Dorothy Fox,Consumer
CUST00913,David Bell,Consumer
CUST00914,Michelle Johnson,Corporate
CUST00915,Lance Lopez,Consumer
CUST00916,Madeline Holloway,Consumer
CUST00917,Christopher Smith,Home Office
CUST00918,Victoria Foster,Consumer
CUST00919,Victoria Griffin,Corporate
CUST00920,Rachel Keller,Consumer
CUST00921,Frank Ali,Consumer
CUST00922,James Ellis,Home Office
CUST00923,Patrick Ward,Consumer
CUST00924,Catherine Bradley,Home Office
CUST00925,John Haynes,Consumer
CUST00926,Cameron Whitaker,Consumer
CUST00927,Michael Duran,Home Office
CUST00928,Jacob Chan,Consumer
CUST00929,Evelyn Erickson,Consumer
CUST00930,Monica Moore,Home Office
CUST00931,Gary Fields,Home Office
CUST00932,Jessica Bell,Consumer
CUST00933,Timothy King,Consumer
CUST00934,Michael Mitchell,Corporate
CUST00935,Jeffrey Jones,Consumer
CUST00936,Cody Floyd,Consumer
CUST00937,Jose Graham PhD,Consumer
CUST00938,Melissa Davies,Home Office
CUST00939,Brenda Johnson,Corporate
CUST00940,Diana Stafford,Home Office
CUST00941,Sara Orozco,Consumer
CUST00942,Tiffany Flores,Home Office
CUST00943,Sharon Schneider,Home Office
CUST00944,Daniel Thomas,Consumer
CUST00945,Gary Neal,Consumer
CUST00946,Pamela Hernandez,Unknown
CUST00947,Melanie Barr,Home Office
CUST00948,Brandon Watkins,Home Office
CUST00949,Shannon Mayer,Home Office
CUST00950,Thomas Graham,Consumer
CUST00951,Jerry Sanchez,Home Office
CUST00952,Nathaniel Moore,Consumer
CUST00953,Jimmy Miller,Corporate
CUST00954,Mary Mcneil,Home Office
CUST00955,Mr. Dillon Gross,Home Office
CUST00956,Brian Ray,Home Office
CUST00957,Aaron Tyler,Consumer
CUST00958,Kenneth Rivera,Home Office
CUST00959,Charles Doyle,Corporate
CUST00960,Matthew Anderson,Corporate
CUST00961,Peter Cox,Consumer
CUST00962,Kristin Beard,Consumer
CUST00963,Johnathan Lindsey,Consumer
CUST00964,Donald Rowe,Consumer
CUST00965,Mrs. Rebecca Williamson,Corporate
CUST00966,Angie Williamson,Unknown
CUST00967,Brittany Thompson,Consumer
CUST00968,Justin Blevins,Home Office
CUST00969,David Ramirez,Home Office
CUST00970,Michael Watson,Corporate
CUST00971,Richard Lane,Corporate
CUST00972,Susan Griffin,Corporate
CUST00973,Laura Newman,Consumer
CUST00974,Jennifer Johnson,Corporate
CUST00975,Billy Martin,Consumer
CUST00976,Elizabeth Mason,Consumer
CUST00977,Chase Coleman,Consumer
CUST00978,John Gay,Home Office
CUST00979,Stefanie Lewis,Consumer
CUST00980,Jason White,Home Office
CUST00981,Kenneth Frost,Consumer
CUST00982,Diana Welch,Consumer
CUST00983,Leah Martin,Unknown
CUST00984,Andrew Hess,Home Office
CUST00985,Courtney Mcguire,Home Office
CUST00986,James Collins,Home Office
CUST00987,Martin Brooks,Home Office
CUST00988,Brandon Evans,Consumer
CUST00989,Taylor Stewart,Consumer
CUST00990,Ashley Adams,Consumer
CUST00991,Emily Harris,Home Office
CUST00992,Collin Poole,Consumer
CUST00993,Christopher Harrington,Corporate
CUST00994,Tara Bender,Corporate
CUST00995,Jordan Wilson,Consumer
CUST00996,Jennifer Walton,Consumer
CUST00997,Melissa Mclaughlin,Consumer
CUST00998,Mark Foley,Corporate
CUST00999,Lawrence Farley,Corporate
CUST01000,Kyle Mcmahon,Consumer
CUST01001,Rebecca Mitchell,Consumer
CUST01002,Valerie Santos,Corporate
CUST01003,Steven Walton,Consumer
CUST01004,Lori Lopez,Corporate
CUST01005,Christopher Taylor,Consumer
CUST01006,Kristen Patrick,Corporate
CUST01007,Jeffrey Anderson,Consumer
CUST01008,Ryan Miller,Consumer
CUST01009,Dennis Lewis,Corporate
CUST01010,Latoya Holloway,Consumer
CUST01011,Anthony Carrillo DDS,Unknown
CUST01012,Heather Costa,Consumer
CUST01013,Robert Reeves,Consumer
CUST01014,Kristi Price,Corporate
CUST01015,Leslie Riley,Consumer
CUST01016,Manuel Willis,Consumer
CUST01017,Angela Johnson,Consumer
CUST01018,Stephanie Brandt,Consumer
CUST01019,Rebecca Franco,Consumer
CUST01020,Sarah Gordon,Home Office
CUST01021,Jacob Lewis,Consumer
CUST01022,Kristen Dixon,Corporate
CUST01023,Sergio Watson,Consumer
CUST01024,Alexander Koch,Home Office
CUST01025,Amy Torres,Consumer
CUST01026,Robin Wolf,Consumer
CUST01027,Alex Jennings,Consumer
CUST01028,Brianna Davidson,Corporate
CUST01029,Corey Meyer,Unknown
CUST01030,Donna Rosario,Home Office
CUST01031,Heather Strong,Home Office
CUST01032,Nicole Chandler,Consumer
CUST01033,Jose Foster,Consumer
CUST01034,Michael Mason,Corporate
CUST01035,Laura Rivera,Unknown
CUST01036,Michael Stone,Consumer
CUST01037,Mrs. Hannah Walsh,Home Office
CUST01038,Teresa Nichols,Corporate
CUST01039,Donna Vasquez,Corporate
CUST01040,Adam Garza,Consumer
CUST01041,Melissa Williams,Consumer
CUST01042,Christopher Reid,Consumer
CUST01043,Kirsten Johnson,Consumer
CUST01044,Shane Ortega,Home Office
CUST01045,Charles Wilson,Consumer
CUST01046,Elizabeth Brown,Corporate
CUST01047,Travis Reese MD,Consumer
CUST01048,James Wilkins,Consumer
CUST01049,Melanie George,Consumer
CUST01050,Alexis Mendez,Consumer
CUST01051,Jeffrey Vaughan,Home Office
CUST01052,Margaret Cameron,Consumer
CUST01053,Raymond Riley,Consumer
CUST01054,Thomas Hernandez,Home Office
CUST01055,Jason Sullivan,Consumer
CUST01056,Melissa Carter,Consumer
CUST01057,Courtney Johnson,Consumer
CUST01058,Mitchell Boyd,Consumer
CUST01059,George Mosley DDS,Home Office
CUST01060,Jesse Mcdowell,Home Office
CUST01061,Steven Howard,Consumer
CUST01062,Larry Long,Consumer
CUST01063,Carolyn Strong,Home Office
CUST01064,Jared Valdez,Corporate
CUST01065,Teresa Edwards,Corporate
CUST01066,Logan Ray,Consumer
CUST01067,Victoria Malone,Consumer
CUST01068,Deborah Smith,Consumer
CUST01069,Kenneth Smith,Corporate
CUST01070,Mrs. Mariah Graham,Consumer
CUST01071,Shawn Morris,Consumer
CUST01072,Gregory Harris,Corporate
CUST01073,Michelle Moore,Consumer
CUST01074,Scott Garcia,Home Office
CUST01075,Kimberly Brown,Consumer
CUST01076,Dominic Weeks,Corporate
CUST01077,William Trujillo,Corporate
CUST01078,Justin Miller,Unknown
CUST01079,Christopher Cabrera,Corporate
CUST01080,John Jones,Consumer
CUST01081,Allen Barry,Consumer
CUST01082,John Trujillo,Consumer
CUST01083,Evelyn Buck,Consumer
CUST01084,Dr. Jennifer Williamson DDS,Consumer
CUST01085,Steven Rodriguez,Unknown
CUST01086,Mark Morton,Unknown
CUST01087,Kenneth Pratt,Home Office
CUST01088,Gloria Thompson,Consumer
CUST01089,Renee Cunningham,Consumer
CUST01090,Samuel Hensley,Corporate
CUST01091,Dr. Joshua Patel,Corporate
CUST01092,Samantha Torres,Consumer
CUST01093,Daniel Fischer,Consumer
CUST01094,Cameron Guzman,Consumer
CUST01095,Laura Morgan,Consumer
CUST01096,Anthony Mckinney,Consumer
CUST01097,Sierra Howard,Consumer
CUST01098,Cathy Brown,Consumer
CUST01099,Paul Haney,Corporate
CUST01100,Beth Hunter,Corporate
CUST01101,Jacob Mullins,Corporate
CUST01102,Emma Vasquez,Home Office
CUST01103,Jacqueline Hunter,Consumer
CUST01104,Bridget Lee,Consumer
CUST01105,Nicole Moody,Consumer
CUST01106,Jesse Yu,Home Office
CUST01107,Jordan Smith,Consumer
CUST01108,Anthony Cruz,Corporate
CUST01109,Alexandria Potter,Consumer
CUST01110,Aaron Golden,Consumer
CUST01111,Paul Lee,Unknown
CUST01112,Kevin Cole,Home Office
CUST01113,Amanda Tapia,Home Office
CUST01114,Mark Bailey,Consumer
CUST01115,Derek Wilson,Unknown
CUST01116,Amber Shaw,Corporate
CUST01117,Joseph Friedman MD,Consumer
CUST01118,Patricia Koch,Corporate
CUST01119,Brian Benitez,Consumer
CUST01120,Jennifer Harrington,Unknown
CUST01121,Dawn Carter,Consumer
CUST01122,Donald Smith,Home Office
CUST01123,Daniel Herrera,Consumer
CUST01124,Bobby Reed,Consumer
CUST01125,James Becker,Consumer
CUST01126,Christina Chapman,Unknown
CUST01127,Anna Campbell,Consumer
CUST01128,Stacey Lee,Corporate
CUST01129,Jeff Thompson,Consumer
CUST01130,Brandon Moore,Corporate
CUST01131,Jeffrey Schultz,Corporate
CUST01132,Amber Leonard,Consumer
CUST01133,Jennifer Bartlett,Consumer
CUST01134,Anthony Brown,Consumer
CUST01135,Gabriella Clay,Consumer
CUST01136,Jared Weiss,Consumer
CUST01137,Carla Johnson,Consumer
CUST01138,Jennifer Medina,Consumer
CUST01139,Sarah Riley,Consumer
CUST01140,Troy Johnson,Consumer
CUST01141,Wesley Romero,Corporate
CUST01142,Julian Norman,Home Office
CUST01143,Victor Johnson,Unknown
CUST01144,Christian Costa,Home Office
CUST01145,Karen Hill,Consumer
CUST01146,Ralph Olson,Consumer
CUST01147,Leslie Everett,Consumer
CUST01148,Sherri Pearson,Consumer
CUST01149,Miranda Reid,Home Office
CUST01150,James Doyle,Corporate
CUST01151,Max Carson,Consumer
CUST01152,Joseph Ballard,Home Office
CUST01153,Steven Lee,Corporate
CUST01154,Danny Ellis,Consumer
CUST01155,Wendy White,Home Office
CUST01156,Kenneth Rodriguez,Corporate
CUST01157,Mike Alvarado,Corporate
CUST01158,Suzanne Blake,Consumer
CUST01159,Scott Martinez,Consumer
CUST01160,Michael Walker,Corporate
CUST01161,Victoria Ward,Consumer
CUST01162,Patrick Mcpherson,Consumer
CUST01163,Melanie Garcia,Consumer
CUST01164,James Joseph,Corporate
CUST01165,Jessica Hunter,Consumer
CUST01166,Peter Wise,Corporate
CUST01167,Mrs. Jeanne Miller,Consumer
CUST01168,Lisa Sanchez,Consumer
CUST01169,Stephanie Daniels,Consumer
CUST01170,Tammy Andrews,Consumer
CUST01171,Sheila Gonzales,Consumer
CUST01172,David Hughes,Corporate
CUST01173,Sean Hardy,Consumer
CUST01174,Kenneth Griffin,Consumer
CUST01175,Joshua Gray,Home Office
CUST01176,Kyle Kelly,Consumer
CUST01177,Keith Hall,Consumer
CUST01178,Nicole Cunningham,Consumer
CUST01179,Mark Rhodes,Home Office
CUST01180,Michael Knight,Consumer
CUST01181,Christina Nguyen,Consumer
CUST01182,Michael Miller,Consumer
CUST01183,Sarah Jones,Corporate
CUST01184,Brittney Ray,Consumer
CUST01185,Brandon Medina,Consumer
CUST01186,Ashley Small,Home Office
CUST01187,Ryan Williams,Consumer
CUST01188,Cole Jones,Home Office
CUST01189,Joshua Peterson,Corporate
CUST01190,David Ford,Consumer
CUST01191,Alexander Wright,Consumer
CUST01192,Alexander Bennett,Consumer
CUST01193,Gabriel Burton,Home Office
CUST01194,Ralph Gaines,Consumer
CUST01195,Kristina Gomez,Home Office
CUST01196,Brian Gonzales,Consumer
CUST01197,Lauren Summers,Consumer
CUST01198,Christina Fields,Consumer
CUST01199,Clifford Swanson,Corporate
CUST01200,Sarah Moore,Corporate
CUST01201,Elizabeth Lewis,Consumer
CUST01202,Michael Gomez,Corporate
CUST01203,Linda Ford,Consumer
CUST01204,Mary Wise,Consumer
CUST01205,Mark Woods,Corporate
CUST01206,Mariah Cantrell,Consumer
CUST01207,Jessica Olson,Consumer
CUST01208,David Shaw,Consumer
CUST01209,Jason Love,Consumer
CUST01210,Tiffany Schmidt,Unknown
CUST01211,Jennifer Mcguire,Consumer
CUST01212,Krista Nash,Consumer
CUST01213,Keith Washington,Consumer
CUST01214,Sean Reyes,Consumer
CUST01215,Patricia Vaughan,Consumer
CUST01216,Benjamin Ward,Consumer
CUST01217,Thomas Brown,Consumer
CUST01218,Jill Newton,Corporate
CUST01219,Amanda Hardy,Consumer
CUST01220,Ashley Conner,Corporate
CUST01221,James Johnson,Consumer
CUST01222,Jonathan Dominguez,Consumer
CUST01223,Sheila Gonzalez,Consumer
CUST01224,Jessica Paul,Consumer
CUST01225,Steven Jackson,Consumer
CUST01226,Ryan Sharp,Consumer
CUST01227,William Peterson,Corporate
CUST01228,Kayla Gates,Consumer
CUST01229,Brenda Velasquez,Consumer
CUST01230,Eric Lopez,Consumer
CUST01231,Tammy Kerr,Consumer
CUST01232,Valerie Olson,Corporate
CUST01233,Jeffrey Wall,Consumer
CUST01234,Kristina Mahoney,Unknown
CUST01235,Julie Burton,Consumer
CUST01236,Dennis Mckinney,Corporate
CUST01237,Nicole Mendez,Consumer
CUST01238,Natasha Miller,Consumer
CUST01239,Jasmine Calhoun,Corporate
CUST01240,Julie Jenkins,Consumer
CUST01241,James Jones,Corporate
CUST01242,James Holt,Corporate
CUST01243,Evan Smith,Consumer
CUST01244,Heather Armstrong,Consumer
CUST01245,Mr. Kevin Sims MD,Corporate
CUST01246,Wendy Jones,Consumer
CUST01247,Anthony Boyd,Consumer
CUST01248,Devon Smith,Corporate
CUST01249,Matthew Pena,Corporate
CUST01250,Kathleen Cochran,Consumer
CUST01251,Hailey Bailey,Corporate
CUST01252,Lauren Miller,Consumer
CUST01253,Laura Young,Consumer
CUST01254,Maria Dixon,Corporate
CUST01255,Brittany Richard,Corporate
CUST01256,Wendy Villegas,Consumer
CUST01257,Richard Johnston,Consumer
CUST01258,Kelly Marshall,Corporate
CUST01259,Kelly Hampton,Consumer
CUST01260,James Wilkins,Corporate
CUST01261,Melissa Ramirez,Corporate
CUST01262,Richard Cook,Corporate
CUST01263,Eric Hernandez,Corporate
CUST01264,Anthony Romero Jr.,Unknown
CUST01265,Gary Hood,Corporate
CUST01266,Robin Johnson,Consumer
CUST01267,Crystal Avery,Consumer
CUST01268,Greg Bradford,Consumer
CUST01269,Jacob Harper,Consumer
CUST01270,Suzanne Hinton,Consumer
CUST01271,Erin Lee,Consumer
CUST01272,Jacqueline Murphy,Home Office
CUST01273,Chad Sparks,Consumer
CUST01274,David Wall,Consumer
CUST01275,Christina Palmer,Consumer
CUST01276,Heather Oneal,Corporate
CUST01277,Melissa Branch,Consumer
CUST01278,Robert Foster,Home Office
CUST01279,Jose Ortiz,Consumer
CUST01280,Victoria Joseph,Home Office
CUST01281,Kevin Guzman,Consumer
CUST01282,Brandon Pittman,Consumer
CUST01283,Joseph Sims,Consumer
CUST01284,Donna Moore,Consumer
CUST01285,Jacob Cobb,Unknown
CUST01286,Robert Jordan,Corporate
CUST01287,Dawn Rodriguez,Consumer
CUST01288,James Duncan,Unknown
CUST01289,Bruce Harrison,Consumer
CUST01290,Seth Banks,Consumer
CUST01291,Karen Pena,Consumer
CUST01292,Eddie Kirby,Consumer
CUST01293,Gabriel Mendez,Consumer
CUST01294,Heather Castro,Corporate
CUST01295,Robert Salazar,Home Office
CUST01296,Jonathan King,Consumer
CUST01297,Katelyn Peterson,Corporate
CUST01298,Peggy Jackson,Unknown
CUST01299,Spencer Rodriguez,Consumer
CUST01300,Eric Castaneda,Consumer
CUST01301,Michael Smith,Consumer
CUST01302,Nicolas Long,Consumer
CUST01303,Cynthia Garcia,Consumer
CUST01304,Michael Sweeney,Corporate
CUST01305,Crystal Duke,Consumer
CUST01306,Jennifer Mooney,Consumer
CUST01307,Renee Robinson,Home Office
CUST01308,Susan Pratt,Consumer
CUST01309,Duane Thomas,Home Office
CUST01310,Madeline Lewis,Corporate
CUST01311,Thomas Baker,Corporate
CUST01312,Miranda Ortiz,Consumer
CUST01313,Wendy Odom,Consumer
CUST01314,Heather Harris,Consumer
CUST01315,Dakota Marshall,Consumer
CUST01316,Danielle Garcia,Consumer
CUST01317,Cathy Ford,Home Office
CUST01318,Eugene Gallagher,Corporate
CUST01319,Jared Cline,Home Office
CUST01320,Jacob Serrano,Home Office
CUST01321,Caitlin Bender,Consumer
CUST01322,Brittany Kelley,Unknown
CUST01323,Karina Larson,Home Office
CUST01324,Thomas Garcia,Corporate
CUST01325,Jeffrey Smith,Consumer
CUST01326,Matthew Smith,Unknown
CUST01327,James Valdez,Consumer
CUST01328,Sean Deleon,Home Office
CUST01329,Kenneth Charles,Consumer
CUST01330,Ashley Dunn,Corporate
CUST01331,Steven Miller,Corporate
CUST01332,Mr. William Diaz,Corporate
CUST01333,Stuart Scott,Consumer
CUST01334,Gary Smith,Corporate
CUST01335,Katherine Browning,Consumer
CUST01336,Judy Kirk,Consumer
CUST01337,Stephanie Smith,Consumer
CUST01338,Steve Nguyen,Consumer
CUST01339,Frank Pratt,Consumer
CUST01340,David Neal,Consumer
CUST01341,Nicole Salazar,Corporate
CUST01342,Aaron Ayers,Corporate
CUST01343,Patty Perkins,Home Office
CUST01344,Elizabeth Williams,Consumer
CUST01345,Raymond Brown,Corporate
CUST01346,Lisa Fischer,Consumer
CUST01347,Sarah Smith,Home Office
CUST01348,Kathleen Park,Consumer
CUST01349,Brandon Brewer,Consumer
CUST01350,Lauren Henderson,Consumer
CUST01351,Richard Mckinney,Corporate
CUST01352,John Johnson,Home Office
CUST01353,Erika Ferguson,Consumer
CUST01354,Casey Wu MD,Home Office
CUST01355,Christopher Simpson,Unknown
CUST01356,Pam May,Corporate
CUST01357,Jesse Nelson,Corporate
CUST01358,Justin Cox,Corporate
CUST01359,Kristy Delgado,Corporate
CUST01360,Jared Holt,Home Office
CUST01361,Elizabeth Goodman,Corporate
CUST01362,Charles Wade,Consumer
CUST01363,Kimberly Booker,Consumer
CUST01364,Susan Miller,Consumer
CUST01365,Joseph Lewis,Home Office
CUST01366,Michael Nelson,Consumer
CUST01367,Patrick Barron,Consumer
CUST01368,Lisa Smith,Unknown
CUST01369,Diane Castillo,Consumer
CUST01370,Timothy Reeves,Consumer
CUST01371,Vanessa Taylor,Consumer
CUST01372,Denise Roach,Corporate
CUST01373,Alexis Johns,Corporate
CUST01374,Juan Farley,Consumer
CUST01375,Carlos Lucero,Consumer
CUST01376,Timothy Glover,Corporate
CUST01377,Melinda Chase,Consumer
CUST01378,Richard Myers,Consumer
CUST01379,Daniel Williams,Corporate
CUST01380,Jessica Hansen,Corporate
CUST01381,Joseph Mitchell,Home Office
CUST01382,Katherine Davis,Corporate
CUST01383,Bryan Hebert,Consumer
CUST01384,Kristin Sutton,Consumer
CUST01385,Crystal Mclaughlin,Consumer
CUST01386,Victor Underwood,Consumer
CUST01387,Zachary Humphrey,Home Office
CUST01388,Robert Sosa,Home Office
CUST01389,Karen Gibson,Corporate
CUST01390,Jack Glover,Consumer
CUST01391,Dylan Kelly,Consumer
CUST01392,Kimberly Perez,Corporate
CUST01393,Travis Smith,Home Office
CUST01394,Andrea Barron,Unknown
CUST01395,Michael Rhodes,Corporate
CUST01396,Gregory Arellano,Home Office
CUST01397,Shirley Chavez,Consumer
CUST01398,William Wilson,Corporate
CUST01399,Lynn Thomas,Home Office
CUST01400,John Gray,Consumer
CUST01401,Erika Martin,Corporate
CUST01402,Michael Edwards,Consumer
CUST01403,Gwendolyn Yoder,Consumer
CUST01404,Emily French,Corporate
CUST01405,Christian Anderson,Home Office
CUST01406,Sharon Ray,Consumer
CUST01407,Catherine Jensen,Consumer
CUST01408,Laura Cole,Consumer
CUST01409,Teresa Rice,Unknown
CUST01410,Ashley Lam,Consumer
CUST01411,Renee Johnson,Corporate
CUST01412,Joseph Arnold,Consumer
CUST01413,Nancy Glover,Consumer
CUST01414,Cameron Beard,Unknown
CUST01415,Amanda Durham,Consumer
CUST01416,Emily Freeman,Corporate
CUST01417,Michelle Duncan,Consumer
CUST01418,Lee Woods,Consumer
CUST01419,Travis Johnson,Corporate
CUST01420,Matthew Walsh,Home Office
CUST01421,Victor Mcmahon,Consumer
CUST01422,Caitlin Brown,Home Office
CUST01423,Sydney Stafford,Consumer
CUST01424,Harold Miller,Consumer
CUST01425,Gary Floyd,Consumer
CUST01426,Troy Garcia,Consumer
CUST01427,Thomas Davis,Corporate
CUST01428,Richard Harmon,Consumer
CUST01429,Nicholas Johnson,Consumer
CUST01430,Katherine Brown,Corporate
CUST01431,Chelsea Hopkins,Consumer
CUST01432,Michael Wallace,Consumer
CUST01433,Jesse Martinez MD,Consumer
CUST01434,Scott Jones,Corporate
CUST01435,Joel Rivas,Consumer
CUST01436,Michael Marquez,Corporate
CUST01437,Ashley Fitzpatrick,Consumer
CUST01438,Lori Cunningham,Consumer
CUST01439,Pamela Newman,Corporate
CUST01440,Kimberly Malone,Corporate
CUST01441,Timothy Wong,Consumer
CUST01442,Breanna Hebert,Home Office
CUST01443,Debra Burns MD,Corporate
CUST01444,Megan Soto,Corporate
CUST01445,Max Bass,Corporate
CUST01446,Tyler Carney,Home Office
CUST01447,Joseph Velasquez,Consumer
CUST01448,Ashley Lee,Corporate
CUST01449,Pamela Bennett,Home Office
CUST01450,Regina Jones,Consumer
CUST01451,Stephen Mcclain,Consumer
CUST01452,Gregory Campbell,Consumer
CUST01453,Mark Pena,Corporate
CUST01454,Maria Boyle,Consumer
CUST01455,Maureen Torres,Consumer
CUST01456,Rachel Pratt,Consumer
CUST01457,Melissa Harris,Consumer
CUST01458,Karen Colon,Corporate
CUST01459,Hannah Smith,Consumer
CUST01460,Jason Miller,Home Office
CUST01461,Caroline Marks,Consumer
CUST01462,Justin Mendoza,Consumer
CUST01463,Angela Jackson,Home Office
CUST01464,Jonathan Baker,Consumer
CUST01465,Ronald Hendrix,Home Office
CUST01466,Ana Montgomery,Corporate
CUST01467,Elizabeth Armstrong,Consumer
CUST01468,David Stewart,Corporate
CUST01469,David Cruz,Corporate
CUST01470,Mrs. Michelle Stevens,Corporate
CUST01471,Regina Clark,Corporate
CUST01472,Christina Brown,Home Office
CUST01473,Mindy Johnson,Consumer
CUST01474,Teresa Phillips,Consumer
CUST01475,Douglas Wright,Consumer
CUST01476,Raymond Sanders,Corporate
CUST01477,Benjamin Poole,Consumer
CUST01478,Jessica Johnson,Corporate
CUST01479,Elizabeth Jackson,Consumer
CUST01480,Brent Potts,Corporate
CUST01481,Matthew Turner,Consumer
CUST01482,Robert Mccullough,Consumer
CUST01483,Carlos Nelson,Consumer
CUST01484,Aaron Robinson,Unknown
CUST01485,Theresa Hart,Corporate
CUST01486,Steven Dunn,Consumer
CUST01487,Debbie Hensley,Consumer
CUST01488,Crystal Smith,Consumer
CUST01489,Susan Smith,Home Office
CUST01490,Brittany Gonzalez,Corporate
CUST01491,Whitney Holland,Unknown
CUST01492,Nicole Alvarez,Consumer
CUST01493,Leslie Boyd,Consumer
CUST01494,Bradley Kim,Consumer
CUST01495,Joshua Smith,Consumer
CUST01496,Stacy Steele,Consumer
CUST01497,Andrea Holt,Consumer
CUST01498,Sean Watts,Consumer
CUST01499,Kimberly Lopez,Consumer
CUST01500,Jonathan Frank,Consumer
